Model,Accuracy (%),MAE (million tons),RMSE (million tons),R² Score,MAPE (%),Train R²,Overfitting
Random Forest,97.29,0.007174,0.010474,0.8785,2.71,0.9881,0.1095
Ensemble (Top 3),97.25,0.007297,0.009916,0.8911,2.75,0.9939,0.1027
Gradient Boosting,97.06,0.007768,0.010134,0.8863,2.94,0.9812,0.0949
KNN Regressor,96.96,0.008196,0.011081,0.864,3.04,1.0,0.136
Decision Tree,96.94,0.008171,0.010534,0.8771,3.06,0.9404,0.0632
Lasso Regression,94.96,0.013417,0.01612,0.7123,5.04,0.775,0.0627
Linear Regression,94.93,0.013431,0.016109,0.7127,5.07,0.7789,0.0662
Ridge Regression,94.93,0.013445,0.01613,0.712,5.07,0.7789,0.067
Support Vector Regression,90.32,0.025302,0.030098,-0.0029,9.68,-0.0028,0.0002
